index,x,y,z
0,[],[],[]
1,"[0.08422852, -0.08496094, 0.326416, -1.061768, -0.3701172, 0.5102539, -1.713623, 0.302002, -1.984375, -1.984375, 0.279541, -1.984375, -1.351807, 0.07910156, 0.2504883, -1.178955, 0.4445801, 0.6921387, 1.671387, 0.9094238, 1.132568]","[-0.3981934, -0.9472656, -0.8674316, -0.2802734, -0.824707, -1.220947, -0.1931152, -0.8337402, -1.984375, -0.2033691, -0.9230957, -1.984375, -0.385498, -0.6877441, -0.7248535, -0.510498, -0.8347168, -0.8557129, -0.392334, 0.07739258, -0.04199219]","[-0.1872559, -0.4890137, -0.5644531, -0.4685059, -0.2626953, -0.8549805, -0.8151855, -0.296875, -0.2893066, -0.9121094, -0.3835449, -1.984375, -0.7749023, -0.2756348, -0.7573242, -0.7998047, -0.2875977, 1.216309, -1.096191, -0.3620605, -0.04248047]"
2,"[0.4001465, -0.8161621, 1.317627, -0.8164063, -1.099609, 1.142822, 1.999939, -1.759521, 0.1938477, 1.061279, -0.6374512, -1.171875, 0.03662109, -1.143066, -1.54834, 0.5786133, 1.008789, -1.071045, -1.064697, 1.999939, -0.434082, 1.043213, 0.3898926, 1.116943]","[0.0002441406, -0.4746094, -0.5537109, -0.4355469, -0.5725098, -0.7526855, -1.371826, -0.3562012, -0.7805176, -1.040527, -0.5046387, -0.4953613, -1.000488, -1.984375, -0.4084473, -0.8911133, -0.8793945, -0.08081055, -0.3337402, -1.266113, -0.4387207, 0.3608398, -0.2231445, 0.009521484]","[-0.5976563, 0.2192383, 0.7011719, -0.3120117, -0.5539551, -0.3427734, -1.984375, -0.9597168, -0.3930664, 0.255127, -0.8408203, -0.5981445, 0.0612793, -0.8703613, -0.7104492, -0.1865234, -0.2512207, -1.131592, -0.9150391, 0.4135742, -0.479248, -1.196777, -0.2744141, -0.09887695]"
3,"[-0.009521484, -0.7895508, 1.209961, 0.6308594, -1.997314, 0.1132813, -0.7766113, -1.804443, -0.1872559, 1.999939, 0.4152832, -1.643066, 0.06054688, 0.708252, -0.8522949, -0.8789063, 0.3364258, -1.72998, -0.5344238, 1.644287, 1.187012]","[-0.5612793, -0.5913086, -0.9501953, -0.9580078, -0.3110352, -0.9367676, -1.086182, -0.2365723, -0.6948242, -0.7451172, -0.765625, -0.3532715, -0.7487793, -0.7106934, -0.2424316, -0.5217285, -0.7509766, -0.1696777, -0.7062988, 0.02807617, -0.02099609]","[-0.2685547, -0.2487793, -0.1796875, -0.8659668, -0.8547363, -0.5219727, -1.984375, -0.8630371, -0.5534668, 0.1618652, -0.8081055, -0.8891602, -0.4448242, -0.3913574, -1.031494, -0.9929199, -0.1120605, -0.9648438, -0.2080078, 0.3417969, -0.09204102]"
4,"[0.494873, -0.03393555, -1.681885, -0.2338867, -1.540283, -1.468018, -0.9040527, 1.422363, -1.984375, -1.941406, -0.1989746, 1.999939, 1.999939, -1.984375, -0.2355957, 1.999939, 0.7487793, -1.80957, -0.05664063, 1.821533, -1.984375, 1.466797, 1.551025, 1.020508, 1.117432]","[-0.1074219, -0.4863281, -0.1791992, -0.7456055, -1.481934, -0.2160645, -0.6318359, -0.7285156, -1.984375, -0.1809082, -0.581543, -1.022705, 1.632568, -0.09399414, -0.576416, -1.189697, -0.7580566, -0.3266602, -0.7612305, -1.059326, -1.994629, -0.8486328, -0.08349609, 0.01855469, -0.03417969]","[-0.503418, -0.885498, -0.4819336, -0.567627, -1.984375, -0.8835449, -1.074219, -0.190918, 1.999939, -1.038574, -0.8076172, 0.2131348, 1.999939, -0.9963379, -0.8806152, 0.06713867, -0.7912598, -0.8696289, -0.6066895, 0.09790039, -0.7629395, -0.972168, 0.1379395, -0.2097168, -0.04248047]"
5,"[1.999939, -1.297119, 0.3818359, 0.5625, -1.303711, -0.2922363, 1.999939, 0.9741211, -1.311768, -0.1252441, -1.019775, -1.317627, -0.6865234, 1.139893, -1.098633, -0.5461426, -1.501953, -0.1081543, 1.563721, 1.999939, -1.984375, -0.3388672, 0.4606934, -0.9633789, 0.0847168, 1.102295, 1.114502]","[0.1088867, -0.2524414, -0.3120117, -0.9003906, -0.5820313, -0.8244629, -0.5229492, -0.9794922, -0.2817383, -0.8164063, -1.16333, -0.371582, -0.6826172, -0.8305664, -1.811523, -0.515625, -0.609375, -0.8334961, -0.6826172, -1.303223, -0.3681641, -0.7312012, -0.9348145, -1.377686, -0.3664551, -0.05395508, 0.01708984]","[-0.6057129, -0.5224609, 0.5275879, -0.9069824, -0.590332, -0.3632813, 0.7749023, -0.9606934, -0.8779297, -0.3842773, -1.83374, -0.4243164, -0.7253418, -0.244873, -1.984375, -0.668457, -0.9902344, -0.1879883, -0.1950684, 1.561523, -0.8664551, -0.5244141, -0.1474609, -1.984375, -0.6711426, -0.4038086, -0.1071777]"
6,"[0.05444336, 0.9621582, -0.7053223, -0.4943848, 1.975342, 0.6877441, -1.984375, -0.05297852, 1.999939, 0.4562988, -1.944824, -0.2131348, -1.387939, 0.2753906, -1.20166, -0.3022461, 1.789795, 0.6828613, -1.678467, -0.3547363, 1.999939, 0.1420898, 1.219971, 1.104004]","[0.0004882813, -0.1691895, -0.394043, -0.7626953, -0.5993652, -0.6083984, -0.2495117, -0.7155762, -1.005859, -0.713623, -0.3432617, -0.8278809, -0.6298828, -0.8554688, -0.3532715, -0.7089844, -0.901123, -0.7226563, -0.4958496, -0.8674316, -0.5249023, -0.3447266, 0.1743164, -0.08154297]","[-0.1904297, 0.8254395, -0.8503418, -0.411377, -0.2480469, -0.5407715, -0.8027344, -0.3408203, 0.2890625, -1.028564, -1.083496, -0.5209961, 0.5810547, -1.008301, -1.271729, 0.02636719, 0.810791, -0.5358887, -0.5715332, -0.4152832, 0.7504883, -0.2102051, -0.2412109, -0.1347656]"
7,"[-0.8769531, 1.999939, -1.39209, -0.2973633, 1.929199, -1.984375, -1.265869, -0.4665527, 0.4006348, -1.984375, -1.132813, -1.169434, -0.3288574, -1.984375, -0.5561523, -1.42041, 0.01245117, 1.757568, 0.7836914, -1.100586, -0.126709, 0.3881836, 1.125732]","[-0.6860352, -1.984375, -0.3654785, -0.8710938, -0.7780762, -1.984375, -0.6870117, -0.7141113, -0.9248047, -1.205811, -0.5134277, -0.588623, -0.9748535, -1.828613, -0.7736816, -0.583252, -0.951416, -0.7119141, -0.9226074, -0.5317383, -0.9248047, -0.4572754, 0.05322266]","[-0.6623535, 1.999939, -0.5415039, -0.4736328, 0.472168, -0.9606934, -0.9692383, -0.4460449, -0.1743164, -1.984375, -0.5439453, -0.9260254, -0.2609863, 0.4033203, -0.6650391, -1.029785, -0.006103516, 0.4130859, -0.7932129, -0.7314453, -0.2373047, -0.2912598, -0.4824219]"
8,"[-0.5197754, 1.625244, -1.65918, -0.1315918, 1.999939, -1.795898, -1.302979, -1.44873, -0.5805664, 1.573975, 0.7390137, -1.396484, -0.262207, 1.696533, -1.210693, -0.5922852, -1.837891, -0.4489746, 1.980225, -1.229736, -0.7556152, 0.9042969, 1.02002, 1.234131, 1.110596]","[-0.5021973, -1.318604, -0.5749512, -0.8996582, -1.007324, -1.984375, -0.5097656, -0.5964355, -0.9130859, -0.840332, -0.7922363, -0.4697266, -0.828125, -0.934082, -1.797363, -0.6262207, -0.4360352, -0.7636719, -0.8312988, -0.9802246, -0.3068848, -0.572998, 0.2751465, 0.06787109, -0.02416992]","[-0.2253418, -0.09716797, -0.8991699, -0.3269043, 0.5102539, 1.999939, -0.3947754, -1.011719, -0.236084, 0.2910156, -0.7670898, -0.6333008, -0.8293457, -0.01000977, 1.100342, -0.5317383, -0.8266602, -0.5695801, 0.03979492, -1.984375, -0.6240234, 0.142334, -0.5178223, -0.3464355, -0.1081543]"
9,"[-1.773682, -0.9660645, 1.999939, -0.9785156, 0.4926758, -1.22998, -1.747314, -0.3244629, -0.4309082, 0.4353027, -1.609863, -0.6320801, -0.251709, 0.3522949, 0.8479004, -1.710449, -0.3139648, 0.07299805, -0.7331543, -1.984375, 0.3857422, 1.667236, 0.9768066, 1.047607]","[-0.7070313, -0.7353516, -1.133057, -1.984375, -0.7580566, -0.6123047, -0.5673828, -0.6992188, -0.854248, -0.6535645, -0.4255371, -0.6350098, -0.8825684, -0.5712891, -0.6025391, -0.4047852, -0.6013184, -0.776123, -1.323486, -1.984375, -0.7077637, 0.1691895, -0.1022949, -0.02197266]","[-0.7548828, -0.4802246, 0.2128906, -0.487793, -0.8544922, -1.19873, -1.515869, -0.4133301, -0.1245117, -0.8105469, -1.118652, -0.9980469, -0.1599121, 0.1916504, -1.124268, -1.21582, -1.065674, -0.2980957, -0.6699219, -1.984375, -0.5236816, -0.7167969, -0.3093262, -0.09130859]"
10,"[-1.559082, -0.3615723, 0.6989746, 0.5422363, -1.38501, -0.7866211, 0.1699219, 0.21875, 0.1318359, -1.984375, -0.2241211, 1.999939, -0.3598633, 0.08251953, -1.216797, -0.08105469, 1.831055, -1.984375, -1.022949, -1.070557, 0.4946289, 0.9538574, 1.449951, 1.112061]","[-0.2788086, -0.8701172, -0.8544922, -0.6416016, -0.5273438, -0.7539063, -0.7636719, -0.8879395, -0.5910645, -0.3879395, -0.6914063, -1.429199, -1.045166, -0.6330566, -0.5219727, -0.7407227, -1.236328, -0.7331543, -0.286377, -0.5891113, -1.035645, 0.09545898, 0.05859375, -0.01611328]","[0.2963867, -0.6733398, -0.7214355, -0.7312012, -0.9111328, -0.6196289, -0.4274902, -0.5654297, -0.8034668, -0.9736328, -0.4914551, 1.066406, -1.984375, -0.8376465, -0.8054199, -0.6020508, 0.6594238, -1.984375, -1.208252, -0.8349609, -0.3408203, -0.09008789, -0.3837891, -0.1079102]"
11,"[-0.3842773, -1.984375, -1.076904, -1.656982, -0.6044922, 0.2167969, 1.378418, -1.984375, -0.3745117, 1.03418, -1.984375, -1.310791, -1.137939, -0.6347656, 1.999939, -0.7990723, -1.105469, -1.382813, -0.07568359, 1.365967, -0.1516113, 1.005615, 1.081543, 0.9729004]","[-0.5649414, -0.423584, -0.5913086, -0.486084, -0.7519531, -0.7226563, -0.6899414, -0.3222656, -0.7006836, -0.8945313, -1.780273, -0.3598633, -0.3710938, -0.7780762, -1.162109, -1.128906, -0.3398438, -0.3999023, -0.7583008, -1.098877, -0.4709473, 0.1425781, -0.005859375, -0.02636719]","[-0.390625, -1.712402, -0.4257813, -0.392334, -0.5134277, -0.4367676, -0.08984375, -0.8376465, -0.5463867, -0.08544922, 0.3095703, -1.133057, -0.9655762, -0.6240234, 0.3708496, -1.984375, -0.8034668, -0.7241211, -0.5930176, 0.1118164, 0.4855957, -0.5510254, -0.1762695, -0.1130371]"
12,"[-1.258301, 1.492188, 0.5358887, -1.984375, -0.9267578, -0.2893066, 1.999939, -1.984375, -1.638916, -0.505127, -0.378418, 1.999939, 0.7353516, -1.893799, -0.7231445, 0.7895508, 0.3867188, 1.266602, -1.519287, -0.2338867, 1.835693, 0.276123, 0.3776855, -1.679199, 0.6616211, 0.9797363, 1.107422]","[-0.1689453, -1.015381, -0.765625, -0.138916, -0.5112305, -0.8098145, -1.169189, -1.984375, -0.2529297, -0.7456055, -0.7094727, -0.6794434, -1.984375, -0.1013184, -0.5185547, -0.828125, -0.9082031, -0.9575195, -0.1181641, -0.5866699, -1.146973, -0.9682617, -0.7419434, -0.03198242, -0.08227539, 0.07836914, -0.02807617]","[-0.5131836, -0.3989258, -0.8647461, -0.989502, -0.4719238, -0.7436523, 0.1867676, 0.1818848, -0.8005371, -0.592041, -0.612793, 0.5244141, -1.984375, -0.6494141, -0.5803223, -0.4223633, -0.7937012, -1.06958, -0.7026367, -0.548584, 0.3295898, -0.713623, -1.052002, -0.8447266, -0.5847168, -0.005615234, -0.1066895]"
13,"[1.522705, -0.5195313, -0.546875, 1.080566, 1.999939, -1.761475, -1.328369, -0.8007813, 1.944092, -0.5913086, -1.984375, -0.2929688, 0.2072754, -1.07666, -1.984375, -0.8540039, -0.3063965, 1.77124, -1.931396, 0.744873, 1.059326, 0.9299316, 1.103271]","[0.09667969, -0.4716797, -0.8623047, -0.8688965, -1.984375, -0.3188477, -0.5361328, -0.8637695, -1.064941, 0.5976563, -0.2565918, -0.8217773, -1.019531, -1.564453, -0.4780273, -0.6896973, -0.861084, -0.847168, -0.1040039, -0.793457, -0.1296387, -0.09863281, -0.03027344]","[-0.2888184, -0.006591797, -0.4987793, 0.4230957, -1.984375, -0.5217285, -0.7094727, -0.4121094, 0.4455566, -1.984375, -0.3950195, -0.1921387, 0.1464844, -1.138672, -0.6894531, -0.5080566, -0.2443848, -0.1218262, -0.7409668, -0.3955078, -0.7861328, 0.02270508, -0.1159668]"
14,"[0.6901855, 1.034912, 0.9519043, 0.8598633, 0.3564453, 0.4768066, 0.3010254, 0.7524414, 0.7927246, 0.6713867, 0.4975586, 0.07421875, -0.1210938, 0.7927246, -0.01708984, 0.7880859, 0.630127, -1.142822, -0.08325195, 0.4399414, -0.3635254, -0.7355957, 0.3232422, -0.2614746, -0.6533203, -0.03686523, 0.142334, 0.1726074, 0.4172363, 0.5925293, 1.148438, 0.578125, 0.5688477, 0.4692383, -0.0004882813, 0.1794434, 0.171875, 0.1367188, 0.6599121, 1.096191, 0.2438965, 0.248291, 0.3547363, 0.2973633, 0.3071289, 0.314209, 0.2963867, 0.5092773, 0.4121094, 0.3991699, 0.8010254, 1.09375, 1.141357]","[-0.197998, -0.4101563, -0.4570313, -0.4411621, -0.4521484, -0.4743652, -0.4848633, -0.612793, -0.7143555, -0.6674805, -0.8747559, -0.8383789, -0.8195801, -1.936279, -1.182129, -0.7856445, -0.8815918, -0.4904785, -1.176514, -0.8989258, -0.7658691, -0.767334, -0.9755859, -0.9111328, -0.9316406, -1.05249, -0.9667969, -0.8186035, -0.7824707, -0.5246582, -0.2375488, -0.6074219, -0.904541, -0.7446289, -0.7922363, -0.892334, -0.9191895, -0.8537598, -0.546875, -0.690918, -0.6655273, -0.8525391, -0.9331055, -0.9172363, -0.9318848, -0.9152832, -0.9204102, -0.9199219, -0.8527832, -0.6887207, -0.5595703, -0.2490234, -0.01147461]","[-0.4462891, 0.1206055, -0.1914063, -0.6765137, -0.8547363, -0.8200684, -0.7878418, -0.7043457, -0.8874512, -0.7023926, -0.8745117, -0.2180176, 0.2182617, -0.4287109, 0.1992188, 0.5739746, 0.2299805, -0.07299805, 0.1894531, 0.2114258, -0.1503906, 0.1745605, 0.189209, -0.2802734, 0.02197266, 0.1520996, 0.2084961, 0.05102539, -0.8552246, -1.009766, -1.223145, -0.5187988, -0.6713867, -0.638916, -0.5371094, -0.309082, -0.4477539, -0.4389648, -0.3359375, -0.6132813, -0.2587891, -0.2521973, -0.4128418, -0.3911133, -0.3681641, -0.3515625, -0.3891602, -0.390625, -0.439209, -0.2714844, -0.4382324, -0.3666992, 0.07275391]"
15,"[1.109863, 1.188477, -1.984375, -1.838623, 0.09399414, 1.763428, -1.444092, -0.8684082, 0.2756348, 0.04443359, -0.2304688, -1.847168, -0.3852539, -0.0793457, 0.8691406, 0.6381836, -1.967041, -1.533203, -0.01367188, 1.605225, 0.880127, 1.112305]","[-0.02050781, 0.003417969, -1.984375, -0.3669434, -0.8708496, -0.7946777, -0.237793, -0.604248, -0.7199707, -1.098633, -0.3996582, -0.2768555, -0.5959473, -0.6928711, -0.652832, -0.6120605, -0.078125, -0.3144531, -0.9794922, 0.1552734, 0.03955078, -0.0246582]","[-0.1147461, -0.2333984, -1.984375, -0.3007813, -0.6779785, -0.09716797, -0.8278809, -0.8867188, -0.4836426, -0.3754883, -0.746582, -0.9445801, -0.876709, -0.5449219, -0.5776367, -0.982666, -0.8474121, -1.001953, 0.02905273, -0.2932129, 0.06494141, -0.1037598]"
16,"[0.1665039, 1.999939, -1.270996, 0.2067871, 1.999939, -1.606934, -1.089355, -1.629639, 0.3828125, 1.999939, -1.984375, -1.359375, -1.517822, 0.05053711, 1.999939, 1.999939, -1.846191, -0.8686523, -0.015625, 0.5358887, -0.237793, -1.984375, 0.1223145, 1.999939, -0.409668, 1.605469, 1.050781, 1.109619]","[-0.1828613, 1.999939, -0.6159668, -0.8149414, -1.388428, -1.984375, -0.4575195, -0.5839844, -0.9118652, -0.902832, -1.188477, -0.237793, -0.4904785, -0.8112793, -0.7248535, 0.479248, -0.2734375, -0.4858398, -0.8117676, -0.7443848, -0.3435059, -0.2260742, -0.7033691, -1.009521, -0.6628418, -0.09277344, -0.06347656, -0.02636719]","[-0.4594727, -1.984375, -0.3955078, -0.4228516, 0.9633789, -0.3713379, -0.5549316, -0.9641113, -0.2509766, 0.6289063, -1.984375, -0.9428711, -0.9423828, -0.2458496, 0.2558594, 1.999939, -0.8476563, -0.9995117, -0.5463867, 0.4729004, -0.7717285, -0.8029785, -0.6154785, 0.07543945, 0.1147461, -0.2143555, -0.1330566, -0.1137695]"
17,"[0.9853516, -0.2072754, -0.1843262, 1.791748, 0.9387207, -1.989258, -1.062988, -0.05810547, 1.224609, 0.2355957, -1.965088, -0.08935547, -0.559082, -0.8007813, -1.049805, -1.945557, -0.2402344, 1.999939, -1.984375, -1.5271, 1.999939, 1.729248, 1.104736]","[-0.2658691, -0.8254395, -0.8874512, -1.486816, -0.8525391, -0.3891602, -0.7346191, -0.8552246, -0.6125488, -0.6064453, -0.3813477, -0.7705078, -0.7141113, -1.657959, -0.2148438, -0.1418457, -0.7529297, -1.49585, -1.984375, -0.484375, 0.02148438, 0.1159668, -0.02880859]","[-0.5939941, -0.3181152, -0.5195313, 0.5947266, -0.9094238, -0.8005371, -0.7536621, -0.6430664, -0.322998, -0.7272949, -0.878418, -0.6704102, -0.4609375, -1.984375, -0.8464355, -0.984375, -0.4626465, 0.1662598, -1.984375, -0.2084961, -0.3183594, -0.173584, -0.1091309]"
18,"[-0.1467285, 1.999939, -1.984375, -0.9414063, -0.3146973, 0.2312012, 0.6469727, -1.984375, -1.380371, -0.2229004, 0.5073242, 0.6120605, -1.984375, -0.3398438, 0.6713867, 1.999939, -1.984375, -0.4353027, 0.6623535, 0.732666, 1.172119]","[-0.3234863, -1.984375, -0.2438965, -0.6196289, -0.6525879, -1.429932, -0.5546875, -0.2402344, -0.4560547, -0.734375, -0.9301758, -0.6538086, -0.02905273, -0.7590332, -0.8183594, -1.984375, 0.08276367, -0.5461426, -0.902832, -0.3144531, -0.02319336]","[-0.637207, 1.999939, -0.6008301, -0.4914551, -0.4592285, -0.3977051, -0.675293, -0.8088379, -0.6574707, -0.5654297, -0.8486328, -0.7319336, -0.7561035, -0.5275879, -0.1665039, -1.984375, -0.6157227, -0.7072754, 0.06640625, -0.8200684, -0.2028809]"
19,"[-0.07299805, -0.9418945, -1.179688, -0.5559082, -1.058838, -0.354248, 1.306641, -0.3486328, -1.984375, -1.984375, 0.2148438, 0.4284668, 1.999939, -1.984375, -1.530273, 1.916748, 1.999939, 1.101318]","[-0.5029297, -0.5031738, -0.7104492, -0.7077637, -0.7272949, -1.031738, -0.9133301, -0.4606934, -0.4345703, -0.3945313, -0.9692383, -0.8149414, -1.378662, -1.984375, -0.3979492, -0.6787109, -0.8752441, 0.0246582]","[-0.4709473, -0.2199707, -0.4416504, -0.6520996, -1.138672, -0.7861328, -0.3554688, -0.637207, -0.6125488, -0.9379883, -0.3630371, -0.3701172, 0.9145508, -0.9418945, -0.4189453, -0.5715332, -1.984375, -0.1325684]"
20,"[-0.546875, -0.3723145, 0.482666, 1.453613, -0.4399414, -1.528809, -1.546875, -0.9008789, -0.4240723, 1.999939, -1.984375, -0.07592773, -1.356689, -1.687744, -0.6713867, -0.1403809, 1.999939, -0.951416, -0.2775879, 0.6276855, 1.112061]","[-0.6140137, -0.9516602, -0.8486328, -0.8605957, -0.6442871, -0.4116211, -0.4567871, -0.5324707, -0.8547363, -1.193848, -1.688477, -0.8466797, -0.4016113, -0.3933105, -0.7009277, -0.8461914, -1.697998, -0.7402344, -0.03442383, 0.06494141, -0.03051758]","[-0.557373, -0.4780273, -0.4543457, -1.036377, -0.6208496, -0.6513672, -0.4816895, -0.2727051, -0.4204102, 0.02441406, -1.984375, -0.6967773, -0.4262695, -0.4797363, -0.1542969, -0.3071289, 0.564209, -0.5598145, -0.5385742, -0.1762695, -0.09790039]"
21,"[-0.1535645, 1.999939, -1.985596, -1.639893, -0.2648926, 0.3217773, 1.999939, -1.984375, 0.182373, -1.620117, -1.574219, -0.3996582, 1.999939, -1.780518, -1.12085, -0.1794434, -1.984375, -0.7536621, 1.771484, -1.984375, 1.999939, 0.01806641, 1.36084, 1.124512]","[-0.4396973, 1.096436, -0.6188965, -0.5400391, -0.7663574, -0.8544922, -0.1352539, -1.539063, -0.6989746, -0.451416, -0.4101563, -0.6120605, -1.486084, -1.296875, -1.984375, -0.4367676, -0.04711914, -0.7097168, -0.8442383, -0.9489746, -0.8674316, -0.1728516, -0.1079102, -0.02416992]","[-0.3320313, -0.4621582, -0.8293457, -0.489502, -0.6225586, -0.7661133, -0.1459961, -1.984375, -0.6416016, -0.7722168, -0.777832, -0.390625, 0.3015137, -0.7397461, 1.999939, -0.8681641, -0.8647461, -0.5800781, -0.3249512, -1.279053, -1.384521, -0.6430664, 0.06079102, -0.1396484]"
22,"[0.6806641, 1.207031, -1.848877, -0.5119629, 0.1914063, 0.3513184, 0.1967773, -1.442871, -1.614746, -0.3498535, 1.201904, 0.07470703, -0.2780762, -1.070801, -1.417725, -0.1989746, 0.9206543, 0.8349609, -1.984375, -1.345215, -0.9020996, -0.1181641, 1.545654, -0.1103516, 0.4172363, 1.333252, 0.9887695]","[-0.3205566, -1.007324, -0.3720703, -0.7297363, -0.7941895, -0.8342285, -1.582275, -0.3088379, -0.3139648, -0.7246094, -0.880127, -0.8256836, -1.448486, -0.3728027, -0.3461914, -0.7658691, -1.002686, -1.006104, -1.984375, -0.1931152, -0.4453125, -0.8205566, -1.348633, -1.087158, -0.2089844, -0.06884766, -0.04370117]","[-0.6350098, -0.3583984, -0.2060547, -0.2380371, -0.4128418, -0.4865723, -0.6948242, -0.685791, -0.6699219, -0.5012207, -0.2983398, -0.5390625, -1.168701, -0.6149902, -0.6049805, -0.4978027, -0.3374023, -0.2194824, 1.979004, -0.4785156, -0.609375, -0.3481445, 0.3330078, -0.4196777, -0.6469727, -0.6201172, -0.06762695]"
23,"[1.026611, -1.984375, -0.6647949, 0.0949707, 1.999939, -1.984375, 0.4963379, -1.48291, -1.984375, -1.858154, -0.230957, -0.1540527, 1.999939, -1.449951, -0.05249023, -1.451172, -1.960938, -0.2426758, -0.2463379, 1.999939, -1.984375, -1.219482, -0.4838867, 1.992432, 0.7624512]","[-0.04296875, -0.4873047, -0.7165527, -0.9355469, -1.07959, -0.6650391, -0.7243652, -0.2822266, -0.3083496, -0.3686523, -0.6357422, -0.940918, -1.016846, -1.479004, -1.984375, -0.2685547, -0.2124023, -0.6083984, -0.9418945, -0.9504395, -1.984375, -0.1977539, -0.5236816, -0.1259766, 0.004882813]","[-0.8657227, -0.4870605, -0.486084, -0.6188965, 0.2402344, -1.984375, -0.6010742, -0.5085449, -0.7468262, -0.8469238, -0.4187012, -0.2539063, 0.640625, -0.1855469, -1.984375, -0.6821289, -0.6379395, -0.515625, -0.3144531, -0.3183594, 0.9423828, -0.3344727, -0.003173828, -0.5656738, -0.1271973]"
24,"[0.2927246, 0.7346191, -1.83252, -0.9389648, 0.02539063, 1.999939, -1.773926, 0.05151367, -1.834229, -1.703613, 0.09643555, 1.999939, 1.19873, -0.4624023, -1.239502, -1.671875, -0.5385742, -0.1303711, 1.999939, -1.984375, -0.3586426, 0.9067383, 1.20874]","[-0.2927246, -0.7868652, -0.296875, -0.5446777, -1.035645, -1.654297, -1.242188, -0.6564941, -0.2832031, -0.4562988, -0.7949219, -0.9367676, -0.953125, -1.22998, -0.2307129, -0.3535156, -0.6052246, -0.9555664, -1.365967, -1.984375, -0.1245117, 0.1953125, 0.008300781]","[-0.4528809, -0.2509766, -0.2927246, -0.4941406, -0.510498, 0.7907715, -1.984375, -0.6740723, -0.5412598, -0.6887207, -0.3078613, 0.527832, -1.221436, -1.251465, -0.5981445, -0.6899414, -0.4753418, -0.2141113, -0.3181152, -1.576904, -0.8605957, -0.1791992, -0.09936523]"
25,"[0.6140137, -1.521973, -1.614014, 0.3300781, 1.505615, -1.186523, 0.201416, -1.984375, -1.354736, -0.02734375, -1.589111, -0.6335449, -1.984375, -1.088867, 0.2668457, -0.3647461, 1.205566, -1.984375, -1.557861, 0.3234863, 1.56543, 1.282471]","[-0.9343262, -0.421875, -0.5227051, -0.8430176, -0.6958008, -1.135254, -0.6225586, -0.1254883, -0.4931641, -0.9013672, -1.767822, -0.513916, -0.3496094, -0.4853516, -1.009277, -1.367432, -0.6433105, -0.1257324, -0.2333984, -1.093018, -0.004394531, -0.02880859]","[-0.3503418, -0.5544434, -0.595459, -0.564209, -0.4865723, -1.599854, -0.723877, -0.8151855, -0.7727051, -0.6567383, -1.984375, -0.8684082, -0.9296875, -1.006348, -0.4916992, 0.182373, -1.0271, -0.2302246, -1.018799, -0.01342773, -0.6877441, 0.04223633]"
26,"[-0.1115723, -1.284668, -1.984375, -1.248291, 0.3139648, 1.999939, -1.335938, 0.3325195, -1.680664, -1.984375, -0.1184082, 0.4372559, 1.999939, -1.984375, -1.495361, -1.984375, 0.007080078, 1.999268, 0.06469727, -0.02905273, 1.314453, 1.899902, 1.105957]","[-0.2319336, -1.371582, -0.3134766, -0.6032715, -0.9707031, -1.328125, -1.984375, -0.5251465, -0.230957, -0.3413086, -0.7619629, -1.025391, -1.192871, -1.856445, -0.1484375, -0.2436523, -0.7207031, -1.046387, -1.221436, -0.2900391, -0.2539063, 0.1743164, -0.03417969]","[-0.2939453, -0.4475098, 0.1062012, -0.2297363, -0.1679688, 1.319092, -1.164795, -0.4985352, -0.645752, -0.953125, -0.2492676, 0.02978516, 0.1677246, -1.444092, -0.4338379, -0.5966797, -0.2836914, 0.4250488, -0.04541016, -0.1577148, -0.3405762, -0.267334, -0.1049805]"
27,"[-1.001953, -0.1838379, 0.2878418, -1.899658, -0.5734863, -0.4492188, 0.144043, 0.4013672, -1.648682, -0.6289063, 0.4443359, 1.746582, -1.324951, -1.231201, -1.363281, -0.5471191, 1.999939, 1.102783, -0.5510254, 1.182617, 1.033936, 0.9797363, 1.106445]","[-0.4067383, -0.9230957, -0.6647949, -0.3076172, -0.8137207, -0.8056641, -1.0896, -0.7570801, -0.3098145, -0.7617188, -0.9179688, -1.083252, -1.984375, -0.3742676, -0.3996582, -0.8659668, -1.276611, -0.2404785, -0.6469727, -0.3327637, 0.008056641, -0.152832, -0.03295898]","[0.2509766, -0.1162109, -0.5817871, -0.6784668, -0.4082031, -0.5202637, -0.1904297, -0.4291992, -0.3378906, -0.5646973, -0.03173828, 0.1218262, 1.999939, -0.3173828, -0.5351563, -0.04370117, 0.467041, -1.984375, -0.329834, -1.018555, -0.2602539, -0.3464355, -0.1030273]"
28,"[-0.2124023, -0.2958984, -1.706787, -1.115723, 0.1669922, 1.999939, -0.972168, 0.4487305, 0.6608887, -1.984375, -0.9040527, 0.004638672, 1.999939, 0.6791992, -1.788086, -0.8881836, -0.1176758, -1.187744, -0.5148926, -1.845703, 0.1494141, 0.8942871, -1.115723, -1.622559, 1.133301]","[-0.559082, -1.984375, -0.4477539, -0.6994629, -0.9802246, -1.587646, -1.984375, -0.06689453, -0.770752, -0.2976074, -0.5097656, -0.9589844, -1.008301, -0.8803711, -0.3007813, -0.6010742, -1.004883, -0.9550781, -0.5148926, -0.3117676, -0.8850098, -1.052246, -1.379883, -0.04272461, -0.01806641]","[-0.6218262, 1.621826, -0.262207, -0.3505859, -0.03540039, 0.9750977, -0.4338379, -1.984375, -0.4760742, -0.498291, -0.659668, 0.2282715, 0.002197266, -0.8342285, -0.5039063, -0.7844238, 0.0637207, 0.2126465, -0.7683105, -0.7175293, -0.2612305, 0.166748, -1.984375, -0.5402832, -0.7270508]"
29,"[0.5327148, -1.810059, -1.589111, 0.2175293, -1.203613, -0.880127, -1.331299, 0.1567383, 0.1064453, -0.01318359, -1.984375, -0.2058105, 0.4663086, 0.2734375, 1.999939, -1.549072, -1.102539, -0.2607422, 1.999939, -1.804443, -0.2756348, 1.086426, 1.044434]","[-0.3603516, -1.571533, -0.4521484, -0.954834, -1.644775, -0.3786621, -0.5407715, -1.015381, -1.522705, -0.5141602, -0.1699219, -0.6850586, -1.025391, -1.359863, 1.999939, -0.361084, -0.5478516, -0.9338379, -0.958252, -1.161865, -0.2478027, -0.1125488, -0.08056641]","[-0.4221191, -1.150635, -0.0703125, -0.121582, -1.984375, -0.489502, -0.5895996, -0.2739258, -0.4436035, -0.8244629, -0.4777832, -0.2885742, -0.2050781, -0.279541, 1.999939, -0.6000977, -0.6706543, -0.2407227, 0.8740234, -1.333496, 0.08032227, -0.4448242, -0.09545898]"
30,"[0.203125, -0.6252441, -1.47998, -1.408691, 0.4995117, 1.999939, -0.02954102, -0.6010742, -1.847656, -0.09033203, -0.03320313, -0.6132813, -0.5241699, -1.984375, -0.03857422, 1.999939, -1.67749, 0.1801758, -1.807861, -1.471924, 0.2729492, 1.686279, 0.9362793, 0.4609375, 1.169434, 1.125977]","[-0.2573242, 0.02734375, -0.449707, -0.532959, -1.010742, -1.459473, -1.030518, -0.5039063, -0.4260254, -0.826416, -1.020264, -1.984375, -0.4135742, -0.04931641, -0.970459, -1.397217, -1.984375, -0.5427246, -0.2197266, -0.4382324, -0.9196777, -1.074463, -0.6208496, -0.3513184, -0.1047363, -0.02856445]","[-0.387207, -0.7575684, -0.1650391, -0.3791504, -0.2277832, 1.272217, -1.984375, -0.6245117, -0.7321777, -0.4238281, -0.02661133, -0.8291016, -0.5847168, -1.06665, -0.03540039, 0.1464844, -1.681641, -0.8723145, -0.6174316, -0.7375488, -0.002685547, 0.5197754, -0.9672852, -0.3173828, -0.4702148, -0.1987305]"
31,"[1.694336, 0.4921875, -1.42041, -1.071777, -1.881836, -0.3103027, 0.3486328, 1.999939, -1.984375, -0.8901367, -1.773926, -1.044189, 0.1560059, 1.999939, -1.210205, -1.006348, -1.798584, -0.3618164, -0.09838867, 1.10498, 1.999939, -1.554443, -1.118164, 0.6047363, 1.215332, 1.69043, 1.210449, 1.107666]","[-0.0009765625, -0.1811523, 0.6689453, -0.3464355, -0.3852539, -0.7736816, -0.9533691, -0.8095703, -1.984375, -0.4204102, -0.3000488, -0.5341797, -0.9633789, -1.208496, -0.970459, -0.2929688, -0.3642578, -0.5942383, -0.9731445, -1.041016, 1.688477, -0.2736816, -0.5109863, -1.065186, -0.1262207, -0.1159668, 0.02099609, -0.03100586]","[0.05224609, -0.3203125, 0.03808594, 0.1450195, -0.6154785, -0.2841797, -0.08666992, 0.09472656, 1.05249, -0.7106934, -0.7954102, -0.7446289, 0.09130859, 1.126221, -0.121582, -0.4780273, -0.973877, -0.3881836, -0.08642578, 0.5285645, 1.999939, -0.392334, -0.6335449, 0.4091797, -1.443115, -0.3974609, -0.02319336, -0.09960938]"
32,"[0.5791016, -0.6948242, -1.149658, -1.369629, 0.4602051, 0.5126953, -0.1940918, -1.984375, -0.4716797, 0.2443848, 0.8759766, -1.998047, -0.9931641, 0.004150391, 1.999939, -1.006836, -1.708496, -0.2380371, 1.35376, -1.984375, -1.392334, -0.4262695, 0.8481445, -1.916748, -1.344727, -0.4038086, 0.3000488, 1.999939, -1.984375, -0.9289551, -0.9243164, 0.1132813, 1.999939, 0.3115234, 1.632813, 0.8476563, 1.112549]","[-0.06152344, -0.565918, -0.4758301, -0.4348145, -1.068359, -1.68042, -0.3903809, -0.1848145, -0.6313477, -0.980957, -0.7897949, -0.2248535, -0.4606934, -0.9929199, -1.30957, -1.874756, -0.2856445, -0.7145996, -1.005127, -1.984375, -0.3447266, -0.7099609, -0.9943848, -1.4021, -0.3762207, -0.6843262, -0.9885254, -0.854248, -1.984375, -0.3508301, -0.5595703, -1.083008, -0.9121094, -0.1276855, 0.1560059, 0.02880859, -0.03222656]","[-0.4077148, -0.3583984, -0.2363281, -0.078125, -0.112793, -0.05053711, -0.8925781, -1.143311, -0.3161621, 0.251709, -0.1149902, -1.042236, -0.746582, 0.4384766, 0.6740723, -0.484375, -0.902832, -0.6728516, 0.6140137, 1.128174, -0.7670898, -0.7148438, 0.4645996, -1.44165, -0.5761719, -0.6218262, 0.06103516, -0.2543945, -0.6347656, -0.5627441, -0.4150391, 0.1228027, 0.2189941, -0.2751465, -0.1809082, -0.1867676, -0.09887695]"
33,"[0.3122559, 1.00708, -1.001953, 0.1730957, 1.999939, -1.884521, -0.6066895, -1.984375, -0.9377441, -0.1115723, 1.900879, 1.259766, -1.984375, -0.8452148, -1.871826, -0.421875, 1.999939, -0.9951172, 1.999939, -0.8249512, -1.954102, -0.5810547, 0.1228027, 1.999939, -0.7712402, 0.01513672, 1.7854, 1.029541]","[-0.1945801, -0.8654785, -0.6616211, -0.984375, -1.278564, -0.7797852, -0.5095215, -0.2709961, -0.5021973, -0.909668, -1.186279, -0.6520996, -1.984375, -0.3378906, -0.2512207, -0.6635742, -1.750732, -1.984375, -1.984375, -0.4768066, -0.2888184, -0.5739746, -0.9387207, -1.619629, -1.350342, -0.2246094, -0.2524414, -0.02148438]","[-0.3991699, -0.4536133, -0.4233398, -0.2668457, 0.6142578, -1.984375, -0.4494629, -0.8525391, -0.5405273, -0.05371094, 0.8896484, -0.470459, 0.151123, -0.666748, -1.029053, -0.119873, 0.9284668, -0.2341309, 1.999939, -0.7272949, -0.9470215, -0.543457, -0.04345703, 0.2485352, -1.984375, -0.7185059, -0.7502441, -0.1376953]"
34,"[1.337891, -0.03979492, -1.55542, -0.7644043, 0.4838867, 1.999939, -1.984375, -0.4489746, -1.64917, -0.5241699, 0.04345703, 1.999939, -0.2211914, -1.294678, -1.575195, -0.006103516, 1.157471, 1.786133, -1.984375, -1.195313, -0.8422852, 0.1906738, 0.5866699, 0.7609863, 0.1555176, 0.6472168, 1.436523]","[-0.1708984, -0.4929199, -0.3186035, -0.5236816, -0.9663086, -0.8725586, -0.8547363, -0.5119629, -0.326416, -0.6506348, -0.979248, -1.160156, -1.037842, -0.2600098, -0.3120117, -0.8015137, -1.10498, -0.9902344, -1.937256, -0.2414551, -0.5759277, -0.8242188, -1.066406, -1.07251, -0.265625, 0.02807617, -0.07470703]","[-0.8271484, -0.7277832, -0.3205566, -0.640625, -0.5212402, 0.1228027, -1.984375, -0.5515137, -0.7033691, -0.6296387, -0.239502, 0.3498535, -0.09350586, -0.6376953, -0.9064941, -0.2070313, 0.4492188, 0.1787109, -1.984375, -0.4609375, -0.3347168, -0.1386719, -0.246582, -0.1315918, -0.5720215, -0.2878418, -0.1264648]"
35,"[1.999939, 0.161377, -0.2902832, -0.480957, -1.499023, -0.3234863, 0.612793, 1.974365, -0.9084473, -1.984375, -1.219727, -1.992432, -1.546631, -0.5646973, 1.999939, 1.638184, -1.402588, 0.5852051, -1.56665, -1.776855, -0.4694824, -0.697998, 1.999939, -1.35498, 0.2041016, 0.9099121, 1.438477, 1.107178]","[0.1181641, -0.6320801, -0.854248, -0.5515137, -0.4387207, -0.7033691, -0.8117676, -1.25708, -1.352295, -1.97583, -0.3225098, -0.3398438, -0.3134766, -0.7370605, -0.7919922, -0.9689941, -1.0271, -0.8469238, -0.2060547, -0.236084, -0.5456543, -0.765625, -1.632568, -1.141357, -0.3156738, -0.06616211, 0.002929688, -0.03637695]","[-1.314941, -0.06396484, -0.7041016, -0.5461426, -0.2856445, -0.4633789, -0.1943359, 0.987793, -1.019775, -1.984375, -0.6291504, -0.7883301, -0.8793945, -0.2336426, -0.02758789, 0.4301758, -1.303467, -0.6506348, -0.7219238, -0.6950684, -0.4536133, -0.1467285, 0.3540039, -0.8322754, -0.3215332, -0.2507324, -0.1950684, -0.1262207]"
36,"[1.969727, -0.994873, -0.4916992, 0.09814453, -0.01928711, 0.144043, -1.698975, 0.1328125, 1.248535, -0.2990723, -1.79248, -0.3361816, 1.303223, 0.6352539, -1.837646, 0.1762695, 1.933105, 0.2907715, 1.999939, -1.984375, -1.08667, -0.6081543, 1.887695, -0.02709961, 0.9916992, 0.9675293, 1.237305, 1.108154]","[0.08837891, -0.05615234, -0.7446289, -0.7580566, -0.534668, -0.8276367, -0.3959961, -0.9057617, -0.3430176, -0.5478516, -0.265625, -0.7736816, -0.8164063, -0.9509277, -0.1782227, -0.9025879, -1.339844, -0.534668, -1.984375, 0.06201172, -0.2895508, -0.6257324, -1.091309, -0.833252, -0.07983398, -0.08862305, 0.1242676, -0.02685547]","[-0.7873535, -0.4621582, -0.7338867, -0.3691406, -1.610596, -0.9956055, -0.7497559, -0.3181152, 0.2822266, -0.5529785, -0.8356934, -0.4743652, 0.8630371, -0.7717285, -0.8212891, -0.3725586, 0.3964844, -1.100586, 1.999939, -1.189453, -0.8068848, -0.6677246, 0.07543945, -0.4121094, -0.885498, -0.1289063, -0.2299805, -0.1083984]"
37,"[1.10791, -0.7512207, 0.1767578, 1.80127, 0.05737305, -1.984375, 0.2692871, 1.586182, 0.9990234, -1.984375, -1.984375, -0.1987305, 1.999939, -1.869141, -0.5537109, -1.984375, -0.159668, 0.6418457, -1.984375, -1.984375, -0.8359375, 0.04980469, 0.5236816, -0.8364258, -1.984375, -0.1345215, 1.375244, 1.03125, 1.108398]","[-0.03149414, 0.08935547, -0.7224121, -0.1359863, -0.4331055, -0.01245117, -0.6594238, -0.5681152, -0.6591797, 0.03051758, -0.07226563, -0.623291, -1.230225, -1.179688, -0.3908691, -0.03662109, -0.7595215, -0.755127, -1.697021, 0.1262207, -0.2895508, -0.7172852, -0.4780273, 0.02050781, 0.1772461, -0.5891113, -0.09399414, -0.1340332, -0.02416992]","[-0.1083984, -0.8549805, -0.9868164, 0.2333984, -0.8278809, -0.4997559, -0.2392578, -0.2197266, -1.015625, -0.8444824, -1.17041, -0.4597168, 0.8366699, -1.984375, -0.8469238, -0.8256836, -0.6296387, -0.260498, 1.813232, -0.684082, -0.8430176, -0.4382324, -0.5910645, -0.8200684, -0.8276367, -0.7922363, -0.5915527, -0.2661133, -0.1074219]"
38,"[-0.822998, 0.09594727, -1.984375, -1.329834, -1.411377, -0.4335938, 1.028076, 0.7028809, -1.223633, -0.9680176, -0.1933594, 1.593994, -1.984375, -1.984375, -0.4111328, 1.365723, -1.984375, -1.505371, -1.562256, -0.3310547, 1.999939, -1.859863, -1.34668, 0.1982422, 1.759277, 1.04834]","[-0.1218262, -0.4960938, -1.205566, -0.3166504, -0.5043945, -0.8623047, -0.7067871, -0.7277832, -0.3579102, -0.4782715, -0.7700195, -1.314697, -1.984375, -0.1206055, -0.6147461, -1.11792, -1.984375, -0.1906738, -0.2441406, -0.7216797, -1.274658, -1.341309, 0.0793457, -0.3276367, -0.1210938, -0.04150391]","[-0.2709961, -0.2468262, -0.2624512, -0.7355957, -0.5952148, -0.5898438, -0.1601563, -0.7653809, -0.689209, -0.6191406, -0.4956055, 0.4985352, 0.8342285, -0.7651367, -0.6008301, 0.4487305, -0.3210449, -0.8806152, -0.8754883, -0.5646973, 0.8659668, -1.861816, -0.3566895, -0.5537109, 0.2946777, -0.1833496]"
39,"[-0.2883301, -0.2922363, 0.6994629, 1.999939, -1.469482, -1.153564, 0.07446289, 1.999939, -1.984375, 1.999939, -1.387695, -1.608398, -0.1623535, -0.3095703, -0.6755371, 0.8608398, 1.306641, -1.088623, -0.2548828, 1.321289, -0.831543, -0.7565918, -1.984375, 0.9208984, 1.095947, 1.103027]","[-0.3745117, -0.7336426, -0.9516602, 1.829834, -0.1726074, -0.421875, -0.876709, -1.814209, -1.116455, 0.8276367, -0.06445313, -0.2802734, -0.9140625, -0.8393555, -0.8398438, -0.9477539, -1.055908, -1.322754, -1.497314, -1.280273, -0.734375, -0.6074219, 0.3344727, -0.4541016, -0.2011719, -0.03173828]","[-0.4003906, -0.7441406, -0.767334, -1.984375, -1.407959, -0.869873, -0.4841309, 1.154297, -1.984375, -1.984375, -0.5952148, -0.3276367, -0.1447754, -0.03320313, -0.2900391, 0.6574707, 0.3029785, -0.5058594, -0.6850586, 0.3051758, -0.1520996, -0.447998, -1.984375, -0.579834, -0.1223145, -0.09814453]"
40,"[-0.5756836, -0.4331055, -1.45459, 0.4431152, 0.3635254, 0.04736328, 0.01025391, -0.01147461, -0.06713867, -0.5090332, -0.3513184, -0.411377, -1.03418, -0.8269043, -0.6801758, -0.7978516, 0.0925293, 0.6904297, 1.30127, 1.703125, 1.10791]","[1.999939, -0.5117188, -1.792725, -0.7138672, -0.8530273, -0.9897461, -1.093506, -0.918457, -0.8605957, -0.7668457, -0.8388672, -0.8557129, -0.8745117, -0.7431641, -0.7871094, -0.765625, -0.7875977, -0.5070801, -0.2258301, 0.07788086, -0.03515625]","[-1.425049, -0.1396484, 0.2890625, -0.5651855, -0.078125, -0.05908203, 0.04736328, 0.06225586, 0.03808594, -0.1674805, -0.0690918, -0.06323242, -0.1516113, -0.1730957, -0.1479492, -0.3293457, -0.2668457, -0.7783203, -0.348877, -0.1381836, -0.1066895]"
41,"[0.857666, 0.942627, 0.4084473, -1.984375, -1.420166, -1.984375, -1.00293, -0.2192383, 0.0300293, -0.7072754, -1.984375, -1.006348, -1.984375, -0.7446289, -0.166748, 0.3549805, 1.999939, -0.7956543, 1.999939, -0.7158203, -1.822021, -1.385986, -0.4306641, -0.046875, 1.610596, -1.178223, -1.984375, 0.2497559, 0.5441895, 1.037842]","[-0.1037598, -0.9089355, -0.7539063, -1.984375, -0.3181152, -0.2473145, -0.421875, -0.9233398, -1.388672, -1.270752, -1.984375, -0.4240723, -0.1696777, -0.5761719, -0.8901367, -0.956543, -1.138672, -1.418213, -0.2797852, -0.4013672, -0.2854004, -0.4448242, -0.7365723, -0.8911133, -1.264648, -0.9118652, -1.984375, -0.237793, -0.1281738, -0.03369141]","[-0.388916, -0.1967773, -0.9458008, 1.999939, -0.4191895, -0.8483887, -0.7900391, -0.3164063, -0.01416016, 0.1721191, -1.178223, -0.6760254, -0.7768555, -0.4389648, -0.03466797, 0.1945801, 0.2438965, -0.8193359, 0.4592285, -0.6188965, -0.7055664, -0.9348145, -0.4692383, -0.2138672, 0.1247559, -0.4833984, 1.85791, -0.4694824, -0.3056641, -0.05004883]"
42,"[-0.5898438, 1.128174, 0.5251465, -1.220215, -1.984375, -1.309814, -0.5837402, 0.5407715, 1.999939, -1.984375, 0.1398926, -0.9868164, -1.984375, -0.7199707, -0.3220215, 0.5795898, 1.999939, -1.613525, 0.5959473, -0.8837891, -1.373291, -0.7497559, -0.2775879, 0.3486328, -1.087646, 1.999939, 1.973389, 1.103271]","[-0.7441406, -1.062256, -0.7307129, -0.3312988, -0.2302246, -0.435791, -0.7409668, -0.8779297, -1.133545, -0.2839355, -0.6811523, -0.4931641, -0.1391602, -0.5375977, -0.7702637, -0.9155273, -1.397705, -1.186035, -0.9099121, -0.552002, -0.3549805, -0.6064453, -0.8105469, -0.8557129, -0.4875488, -0.3178711, 0.1108398, -0.01733398]","[-0.6889648, 0.2546387, -0.7775879, -0.609375, -0.8769531, -0.9233398, -0.3459473, -0.078125, -0.02124023, -1.984375, -0.9855957, -0.6916504, -0.826416, -0.6220703, 0.173584, 0.2119141, -0.1828613, -0.7780762, 1.999939, -0.6035156, -0.8789063, -0.734375, -0.1242676, -0.4326172, -0.3225098, -0.6835938, 0.1201172, -0.09814453]"
43,"[1.038818, -0.890625, -0.1220703, 0.6745605, -0.2478027, 1.999939, -1.474365, -0.4553223, 0.3393555, 0.916748, 1.999939, -1.028809, -0.5700684, 0.3056641, 1.237061, 0.5061035, -1.984375, -0.1928711, -1.147949, -0.03271484, 1.087158, 1.724609, 1.081543]","[0.05615234, -0.425293, -0.7856445, -0.9404297, -0.9306641, -0.720459, -0.425293, -0.7192383, -0.9675293, -1.150879, -0.06738281, -0.5222168, -0.5913086, -0.8635254, -0.8903809, -0.9301758, -1.984375, -0.7182617, -0.484375, -0.8413086, -0.3205566, -0.1445313, -0.02856445]","[-0.7041016, -0.1784668, -0.2211914, -0.357666, -0.07324219, 1.999939, -0.9790039, -0.328125, 0.1467285, 0.1274414, 0.8586426, -0.7819824, -0.5651855, 0.02807617, -0.144043, 0.1975098, -0.06762695, -0.890625, -0.6855469, -0.02856445, -1.10376, -0.1791992, -0.1081543]"
44,"[1.409912, 0.8098145, -1.18042, -0.7314453, 0.4912109, 1.871826, 1.363525, -1.281982, -1.984375, -0.3820801, -1.286133, -1.984375, -1.191895, -0.2678223, 0.7705078, 1.999939, -1.097656, -1.984375, -0.3701172, -1.634766, -1.496094, -0.6201172, 0.01733398, 1.999939, 1.891602, -0.08789063, 0.9506836, 1.110107]","[0.2700195, -0.855957, -0.6447754, -0.638916, -0.8461914, -1.276123, -0.9206543, -1.283203, -1.984375, -0.4233398, -0.3115234, -0.2631836, -0.4621582, -0.7233887, -0.8791504, -1.160889, -1.116699, -1.984375, -0.4880371, -0.277832, -0.2961426, -0.4711914, -0.7902832, -1.162354, -0.7749023, -0.2126465, 0.08764648, -0.02856445]","[-0.8518066, -0.7011719, -0.6809082, -0.3464355, -0.3447266, 0.5202637, -0.2116699, 0.2211914, 0.7180176, -0.7124023, -0.8852539, -0.9289551, -1.029297, -0.3518066, 0.151123, 0.2124023, -0.07568359, 1.999939, -0.7541504, -0.9060059, -0.9692383, -0.7282715, -0.06518555, 0.6713867, -0.2246094, -1.195801, -0.1237793, -0.1083984]"
45,"[-0.5915527, -1.984375, -0.7749023, -1.793457, -0.6186523, -0.1489258, 1.354736, 1.999939, -0.9367676, -1.984375, -0.2285156, -1.984375, -1.421631, -0.7431641, 0.2446289, 1.999939, -1.984375, -0.7456055, -1.655273, -1.391602, -0.5756836, -0.4035645, 1.999939, -1.349854, 1.999939, -0.3349609, 1.39917, 1.029053, 1.104248]","[-0.3208008, -1.376221, -0.4724121, -0.2502441, -0.5651855, -0.854248, -0.9057617, -0.6467285, -1.648193, -1.984375, -0.6408691, -0.3579102, -0.3974609, -0.6977539, -0.7419434, -1.172119, -1.635498, -0.4980469, -0.4047852, -0.4077148, -0.6333008, -0.8200684, -0.8322754, -1.091797, 1.287354, -0.3864746, 0.03710938, 0.03295898, -0.02856445]","[-0.5371094, -1.134277, -0.1894531, -0.472168, -0.6394043, 0.01245117, 0.1965332, -0.5397949, 0.06616211, -1.100586, -0.7871094, -0.6191406, -1.05127, -0.5842285, -0.3083496, 0.2351074, -0.09985352, -0.7626953, -0.9667969, -0.8972168, -0.7424316, -0.2543945, 0.2634277, -0.1130371, 1.999939, -0.2358398, -0.5585938, -0.03051758, -0.09570313]"
46,"[-0.3349609, 0.1152344, 1.999939, -1.984375, -1.039551, -1.984375, -0.5449219, 0.1848145, 1.943848, -0.7441406, 1.999939, -1.143066, -1.984375, -1.331299, -0.4899902, -0.01196289, 1.999939, -0.6503906, -0.684082, -0.9929199, -1.566162, -0.6618652, 1.070801, 1.065918, 0.9199219]","[-0.3007813, -0.8623047, -0.7631836, -1.984375, -0.3154297, -0.2319336, -0.6337891, -0.9182129, -1.464355, -1.482178, -0.7602539, -0.3310547, -0.2011719, -0.2956543, -0.7619629, -1.010986, -1.23584, -1.548828, -1.405518, -0.5075684, -0.2209473, -0.6174316, -0.9138184, -0.4416504, -0.01074219]","[-0.3076172, -0.5541992, 0.3537598, 1.35083, -0.5986328, -0.784668, -0.7207031, -0.380127, 1.125977, 0.1723633, -1.984375, -0.626709, -0.5888672, -0.6413574, -0.05639648, 0.05297852, 0.1750488, -0.3752441, 1.204346, -0.2099609, -0.6494141, -0.3520508, 0.1716309, -1.191162, -0.1467285]"
47,"[-0.9333496, 1.811279, -1.264648, -1.984375, -0.5336914, 0.3933105, 1.401123, -0.3442383, -0.09667969, -1.738281, -1.369141, 0.3056641, 1.329102, -1.984375, -0.8500977, -1.440918, -0.5927734, -0.1386719, 1.578125, -1.28418, -0.1118164, -1.344727, -0.8305664, -0.3840332, 1.89209, -0.7177734, -1.984375, -1.925537, 0.1101074, 0.7507324, 1.568115, 1.141113, 1.127441]","[-0.4301758, -1.127441, -0.4343262, -0.1501465, -0.5195313, -0.7871094, -1.084473, -1.217041, -0.5576172, -0.2626953, -0.3684082, -0.828125, -1.017578, -1.982422, -0.4729004, -0.3369141, -0.5566406, -0.8391113, -1.463623, -0.4157715, -0.5986328, -0.4282227, -0.5217285, -0.8562012, -1.114746, -1.44751, -1.984375, -0.1955566, -0.703125, -0.2807617, -0.09228516, 0.02856445, -0.02978516]","[0.09521484, -0.1137695, -0.3918457, -0.3200684, -0.4865723, -0.270752, 0.2658691, 0.0612793, -0.7624512, -0.2824707, -0.8432617, -0.3911133, 0.6481934, -1.094971, -0.5380859, -0.6850586, -0.362793, -0.08276367, -0.168457, -1.984375, -0.7873535, -0.5544434, -0.5390625, -0.333252, 0.4401855, -0.5900879, 0.9777832, -0.3535156, 0.07421875, -0.6828613, -0.3110352, -0.07739258, -0.078125]"
48,"[-0.2084961, 1.528076, -1.765381, -1.984375, -0.1530762, -0.9807129, -1.984375, -0.9697266, 0.05419922, 1.162842, 1.999939, -1.122559, -1.984375, -1.400391, -1.645508, -0.8039551, -0.01416016, 1.999939, 1.831055, -1.483398, -1.984375, -0.5969238, -1.984375, -0.8566895, 0.3208008, 1.490479, 1.999939, 1.111816]","[-0.9753418, -1.143311, -1.423096, -1.984375, -0.5583496, -0.2949219, -0.3310547, -0.3874512, -0.9101563, -0.9833984, -0.7880859, -1.984375, -1.984375, -0.4213867, -0.3947754, -0.4821777, -0.8046875, -1.055176, -0.876709, -1.108398, -1.984375, -0.4645996, -0.234375, -0.4841309, -0.8215332, -0.5314941, -0.3825684, -0.03149414]","[-0.6931152, 0.3903809, -1.102783, 1.999939, -0.7214355, -0.5732422, -1.150635, -0.8295898, -0.3305664, 0.5302734, -0.08349609, -0.4360352, -1.984375, -0.534668, -0.8579102, -0.6081543, 0.05883789, 0.6813965, -0.3862305, -0.5793457, 0.8295898, -0.609375, -0.9648438, -0.7556152, 0.4016113, -0.5148926, -0.5668945, -0.09765625]"
49,"[1.310303, 0.5446777, -1.984375, -1.128174, -0.1623535, 0.3271484, 1.999939, -0.3210449, -1.984375, 0.7253418, -0.2526855, -0.9697266, -1.984375, -1.895508, -1.233154, -0.2648926, 0.06835938, 0.5708008, 0.4602051, 0.6220703, 1.089355]","[-0.1464844, -0.6147461, -0.2021484, -0.5793457, -0.9067383, -0.8601074, -1.753662, -1.577148, -1.984375, -0.8747559, -0.6020508, -0.4724121, -0.3491211, -0.3183594, -0.4035645, -0.6699219, -0.826416, -0.8688965, -0.9394531, -0.01293945, -0.03344727]","[-0.6494141, 0.1306152, -0.2836914, -0.6870117, -0.3259277, -0.1108398, 0.6760254, -0.3115234, 1.812744, -0.5400391, -0.546875, -0.6103516, -0.7531738, -0.7592773, -0.6743164, -0.2668457, 0.009765625, -0.005371094, 0.1640625, -1.170654, -0.1125488]"
